"plot","MAP","sample","Active_C_mgkg.1","C.mgperkg","N.mgperkg","P.mgperkg","Mg.mgperkg","Mn.mgperkg","Fe.mgperkg","K.mgperkg","Ca.mgperkg","pH","Beta_umolgSOC.1h.1","Nag_umolgSOC.1h.1","Phos_umolgSOC.1h.1","log.beta","log.nag","block","invasion","disturbance","vegetation.type","Sequencing.name","fungal.spec.richness","fungal.fisher.alpha","bacterial.spec.richness","bacterial.fisher.alpha","plant.shannon","plant.invsimpson","plant.spec.richness","PC1.soil","PC2.soil"
"1DGN",649.36791552,"1DGN.1",1043.706,6940,730,160,1338,423,386,1781,8036,6.89,25680.13516,11509.36052,64757.51441,10.1534730210299,9.35091594152783,1,"Invaded","Disturbed","Grassland",8020,236,61.24926101,2535,2593.632426,1.035790213,1.767686266,10,-2.49849653794017,-1.48976952393249
"1DGN",649.36791552,"1DGN.2",994.1502,6140,620,300,2643,950,1052,2937,13133,6.13,13952.39443,2141.007003,29348.06645,9.54340641624801,7.66903155948578,1,"Invaded","Disturbed","Grassland",8021,175,43.50441899,2726,2237.868983,1.035790213,1.767686266,10,-4.34587082346545,2.90519351871667
"1DGN",649.36791552,"1DGN.3",1029.206,5240,560,153,1376,440,396,1685,5722,5.96,19465.95878,4896.92958,64145.05668,9.87642251544593,8.49636367136613,1,"Invaded","Disturbed","Grassland",8022,217,56.0447519,1983,2258.113475,1.035790213,1.767686266,10,-1.04759708348538,-0.587665007512617
"1DGN",649.36791552,"1DGN.4",902.8529,5420,670,259,980,438,590,1804,7982,7.33,18866.61882,3819.999262,2300.856181,9.84514943947755,8.24800550840689,1,"Invaded","Disturbed","Grassland",8023,214,54.40363515,3442,2771.610767,1.035790213,1.767686266,10,-1.77452440377068,0.73728820694266
"1DGN",649.36791552,"1DGN.5",996.6737,5860,630,243,1229,340,449,2016,10584,8.75,17020.48022,6556.482082,17881.60836,9.74217261677046,8.78820947010722,1,"Invaded","Disturbed","Grassland",8024,87,26.27631065,1725,2109.93625,1.035790213,1.767686266,10,-2.96043816875644,-0.0571270203252911
"1DGL",649.456088640001,"1DGL.1",914.3328,4300,540,160,1299,635,1041,2276,6129,5.34,13412.18919,4346.541395,94486.21953,9.50391921351109,8.37713572622851,1,"Uninvaded","Disturbed","Grassland",8015,224,60.78954429,3380,2742.087206,1.52906733,3.523002128,10,-0.569645898750596,2.17830351076545
"1DGL",649.456088640001,"1DGL.2",1016.416,4300,510,152,812,470,643,1447,4484,5.4,8922.941542,2886.138528,21482.96809,9.09638094049463,7.96767473818185,1,"Uninvaded","Disturbed","Grassland",8016,200,55.08389617,2173,2190.005421,1.52906733,3.523002128,10,0.807258265158879,0.47337389271264
"1DGL",649.456088640001,"1DGL.3",987.7673,4440,470,163,1331,744,1296,2550,6026,5.73,8894.57991,5318.278829,31836.63784,9.09319737132869,8.57890500160563,1,"Uninvaded","Disturbed","Grassland",8017,220,58.24952182,3168,2482.850454,1.52906733,3.523002128,10,-0.947571595408322,2.69742660320273
"1DGL",649.456088640001,"1DGL.4",975.656,5010,520,138,644,336,601,1470,2874,6.7,13099.81357,6016.547106,53638.51218,9.48035327779027,8.70226880331653,1,"Uninvaded","Disturbed","Grassland",8018,199,51.70540022,2603,2413.459345,1.52906733,3.523002128,10,1.13719824688901,-0.431390638346853
"1DGL",649.456088640001,"1DGL.5",1006.066,6430,680,146,712,323,568,1346,3279,6.95,9455.843438,26586.84498,74382.45316,9.15438818261372,10.1881718228157,1,"Uninvaded","Disturbed","Grassland",8019,264,68.29864001,3192,2761.099519,1.52906733,3.523002128,10,0.180515163765641,-1.3817604555851
"1UGN",649.667230720001,"1UGN.1",1031.3,7740,850,147,1092,406,749,1594,6735,5.54,11150.86734,4089.135917,68137.98656,9.31927256220372,8.31608895947962,1,"Invaded","Undisturbed","Grassland",8000,240,63.17435119,1999,2733.712325,0,1,1,-1.36188056510978,-0.962314293131743
"1UGN",649.667230720001,"1UGN.2",923.633,7250,750,141,952,399,567,1375,5022,6.39,7215.647572,363.4373379,10829.52069,8.88400722074931,5.89560689669397,1,"Invaded","Undisturbed","Grassland",8001,211,53.27510487,3830,2955.795963,0,1,1,-0.711016183574476,-1.25851646110656
"1UGN",649.667230720001,"1UGN.3",977.8219,2700,310,165,570,334,708,1246,3028,6.04,17739.28133,5240.386296,51950.67519,9.78353674376901,8.56415049520854,1,"Invaded","Undisturbed","Grassland",8002,186,48.93990465,3423,2253.324189,0,1,1,3.07908223933134,1.91533131263167
"1UGN",649.667230720001,"1UGN.4",1040.597,5400,540,220,1010,410,679,1904,3882,6.4,25087.39222,6516.137778,86895.58796,10.1301206969319,8.78203711406561,1,"Invaded","Undisturbed","Grassland",8003,226,59.60978207,3374,2506.716459,0,1,1,-0.588681352900487,0.710229906977683
"1UGN",649.667230720001,"1UGN.5",1002.166,6640,640,136,744,326,657,1422,3394,5.88,15115.51009,8093.123343,53027.00557,9.62347665391506,8.9987700100814,1,"Invaded","Undisturbed","Grassland",8004,160,39.79013034,3439,2882.23397,0,1,1,0.542127606938701,-1.02441752708936
"1UGL",649.57788736,"1UGL.1",888.7573,4510,650,118,738,343,778,1214,3427,4.78,3592.083016,1088.765765,16737.68375,8.1864875405136,6.99280000797003,1,"Uninvaded","Undisturbed","Grassland",7995,129,35.41518015,1877,1289.051114,2.166009836,5.569432895,15,2.07579885216105,-0.0644896861286498
"1UGL",649.57788736,"1UGL.2",989.9816,5470,560,108,763,380,742,1356,4443,4.91,5640.939781,455.222724,32524.55265,8.63780595844811,6.12078680248,1,"Uninvaded","Undisturbed","Grassland",7996,53,12.00295577,2590,1939.284305,2.166009836,5.569432895,15,1.24497109630122,-0.412478890960698
"1UGL",649.57788736,"1UGL.3",990.2908,4540,470,95,731,281,597,1332,4142,6.15,8290.487048,3451.122026,35189.76233,9.02286399767014,8.14645468207878,1,"Uninvaded","Undisturbed","Grassland",7997,171,43.7651787,2617,2134.112215,2.166009836,5.569432895,15,1.54943450605415,-0.701511777809797
"1UGL",649.57788736,"1UGL.4",944.5585,4680,500,93,765,336,638,1395,4310,5.36,4580.215983,931.8931624,19964.23688,8.4295014338566,6.83721817549675,1,"Uninvaded","Undisturbed","Grassland",7998,180,47.77388689,1666,2150.450741,2.166009836,5.569432895,15,1.585392537734,-0.460864719286573
"1UGL",649.57788736,"1UGL.5",913.7516,4410,670,94,896,342,612,1468,5644,6.45,30152.24218,7453.341723,134303.4145,10.3140145668861,8.91641776422641,1,"Uninvaded","Undisturbed","Grassland",7999,132,36.80595944,4026,2590.002806,2.166009836,5.569432895,15,0.40360658221462,-0.788896878194874
"3DGN",655.0976,"3DGN.1",939.1818,9710,945,139,1810,617,477,1485,7825,6.66,14773.70041,4691.075798,30957.13605,9.60060387969166,8.45341721637315,3,"Invaded","Disturbed","Grassland",8100,195,50.44777086,3953,2970.297143,0.503769028,1.247071187,7,-3.20873184694544,-1.92845345679467
"3DGN",655.0976,"3DGN.2",1016.713,4800,470,216,2191,1201,989,3982,11826,6.59,36205.22688,9781.974167,91739.44292,10.4969587763411,9.18829660022483,3,"Invaded","Disturbed","Grassland",8101,178,42.15052451,3958,3233.804089,0.503769028,1.247071187,7,-3.95021882538112,3.22793927436642
"3DGN",655.0976,"3DGN.3",1041.651,7440,750,140,1370,500,393,1869,7064,6.25,12364.50227,5468.502823,49209.2547,9.42258492601149,8.60676015100446,3,"Invaded","Disturbed","Grassland",8102,103,22.35856773,1644,2519.007583,0.503769028,1.247071187,7,-2.38678086927429,-1.69033776468191
"3DGN",655.0976,"3DGN.4",1023.69,6080,670,154,873,484,558,1356,5461,5.72,10632.14057,1854.409941,27197.71645,9.27163682171275,7.52532183333471,3,"Invaded","Disturbed","Grassland",8103,170,39.68879036,3969,3282.99628,0.503769028,1.247071187,7,-0.427947478060496,-0.771927942448567
"3DGN",655.0976,"3DGN.5",1023.479,6030,620,135,849,487,491,1761,5376,7.08,31084.49519,7151.204643,47116.55307,10.3444644269061,8.8750361030351,3,"Invaded","Disturbed","Grassland",8104,204,52.16878236,3730,3139.853417,0.503769028,1.247071187,7,-1.08483202496788,-1.03605823513675
"3DGL",655.1792,"3DGL.1",1021.266,4740,470,153,865,173,570,1286,5698,6.2,21357.03985,7971.079401,53472.44341,9.96913669966901,8.98357519561278,3,"Uninvaded","Disturbed","Grassland",8095,166,42.05504289,4229,3253.280387,1.530025638,2.986314273,12,0.978649367621143,-0.238491982367693
"3DGL",655.1792,"3DGL.2",1020.233,4490,550,160,894,166,710,1321,6042,5.92,17605.6594,3835.438753,42786.99911,9.77597568615611,8.25203911481924,3,"Uninvaded","Disturbed","Grassland",8096,118,28.40509006,4009,2664.801911,1.530025638,2.986314273,12,0.955487692114883,0.0932572741315987
"3DGL",655.1792,"3DGL.3",991.9236,4170,410,127,631,178,700,1056,3996,6.44,20072.20626,5264.906954,10544.30336,9.90709136399984,8.56881875185731,3,"Uninvaded","Disturbed","Grassland",8097,167,42.9646833,4214,3235.664908,1.530025638,2.986314273,12,2.44489742842596,-0.0222764301504795
"3DGL",655.1792,"3DGL.4",1006.025,7050,680,192,1171,224,765,1477,8591,6.3,11036.24772,1657.076596,43159.63163,9.30894038162386,7.4128102420673,3,"Uninvaded","Disturbed","Grassland",8098,179,42.84856386,3126,2839.111462,1.530025638,2.986314273,12,-1.18243274685366,-0.201459229469381
"3DGL",655.1792,"3DGL.5",1038.912,4370,470,205,1446,463,1561,2665,8830,6.95,25531.27593,3576.55042,24767.48684,10.14765948666,8.1821540450305,3,"Uninvaded","Disturbed","Grassland",8099,141,32.20263356,4295,3338.134561,1.530025638,2.986314273,12,-1.71072432214782,3.13525765819196
"3UGN",652.703788800001,"3UGN.1",898.2513,5890,630,114,734,506,469,1714,5019,6.44,12779.18489,1199.364414,40919.18879,9.45557294577229,7.08954704045933,3,"Invaded","Undisturbed","Grassland",8080,193,50.09014045,2105,2222.244667,0.600406096,1.393113625,5,-0.301875603612631,-1.11078038750365
"3UGN",652.703788800001,"3UGN.2",1107.445,6010,590,173,1094,482,466,1362,5026,6.02,11842.95208,4905.318802,49656.49667,9.37948820844125,8.49807536519827,3,"Invaded","Undisturbed","Grassland",8081,224,57.15557979,3698,3283.437496,0.600406096,1.393113625,5,-0.864173555150499,-0.814118782326407
"3UGN",652.703788800001,"3UGN.3",1006.509,4620,520,148,758,500,567,1278,5034,6.07,13118.52602,4751.335498,62041.94416,9.48178071015021,8.46618101498501,3,"Invaded","Undisturbed","Grassland",8082,240,62.33840398,3532,3106.098932,0.600406096,1.393113625,5,0.463717498730818,-0.036422525926632
"3UGN",652.703788800001,"3UGN.4",905.0326,4720,530,141,924,457,426,1613,5515,7.01,15736.41301,5769.006568,48257.63199,9.66373260591156,8.66025517275511,3,"Invaded","Undisturbed","Grassland",8083,214,53.22763116,2070,2823.214231,0.600406096,1.393113625,5,-0.39594806507978,-0.325453597200983
"3UGN",652.703788800001,"3UGN.5",1054.851,5170,490,156,1001,581,565,1754,7946,6.58,21389.26325,4926.478143,75679.87872,9.97064435781799,8.5023796391344,3,"Invaded","Undisturbed","Grassland",8084,148,36.77982045,3222,2606.97451,0.600406096,1.393113625,5,-1.25106135429893,0.271761485818392
"3UGL",652.742726400001,"3UGL.1",999.3456,5390,920,110,747,348,549,1291,4489,5.21,14670.14703,4940.062709,62908.16364,9.59356989358169,8.50513330423095,3,"Uninvaded","Undisturbed","Grassland",8075,222,58.64572834,1692,2196.356798,2.540033992,9.579077838,18,0.572082977251857,-1.83016295387639
"3UGL",652.742726400001,"3UGL.2",925.3768,3950,450,112,976,430,375,1494,5774,6.31,23213.74344,12707.70886,50671.16481,10.0524997719161,9.449964085149,3,"Uninvaded","Undisturbed","Grassland",8076,144,41.19459144,2838,2800.181181,2.540033992,9.579077838,18,0.381180836812794,-0.378440489420405
"3UGL",652.742726400001,"3UGL.3",1004.244,4400,460,98,724,290,501,1160,3568,6.81,14184.39889,2884.369545,52353.12523,9.55989796989104,7.96706162646516,3,"Uninvaded","Undisturbed","Grassland",8077,185,49.70822015,2569,2667.111711,2.540033992,9.579077838,18,1.57874980394625,-1.07130164820773
"3UGL",652.742726400001,"3UGL.4",1041.778,3830,450,109,884,384,422,1590,4584,6.84,10247.37872,2948.24517,27922.85587,9.23477721722673,7.98896541470875,3,"Uninvaded","Undisturbed","Grassland",8078,177,50.6087639,3696,2930.677496,2.540033992,9.579077838,18,0.472754827213232,-0.574176989169195
"3UGL",652.742726400001,"3UGL.5",946.8835,4440,440,118,653,403,572,1427,4160,6.24,39986.10473,6870.29527,99455.22117,10.5962872909951,8.83496236391434,3,"Uninvaded","Undisturbed","Grassland",8079,143,39.63987705,3579,2689.965916,2.540033992,9.579077838,18,1.28905339053706,-0.0442824842542216
"2DGN",648.424724319999,"2DGN.1",1085.162,6980,730,126,1316,431,459,1874,8040,6.11,5904.554427,827.1738682,7238.864198,8.68347926888352,6.71801491258786,2,"Invaded","Disturbed","Grassland",8060,228,57.09812413,3116,3237.263496,0.06549148,1.021478222,3,-2.12446861257181,-1.57276669347783
"2DGN",648.424724319999,"2DGN.2",1040.463,6450,670,119,1232,449,427,1907,7943,6.24,15780.96434,1647.348682,35451.67566,9.66655970406622,7.40692241511749,2,"Invaded","Disturbed","Grassland",8061,210,53.86200999,3169,2868.541649,0.06549148,1.021478222,3,-1.85000721796999,-1.43142927994657
"2DGN",648.424724319999,"2DGN.4",1055.45,5520,610,321,1944,414,473,2450,10442,7.97,16445.88185,3081.216123,27439.61033,9.70783038138732,8.03307964316667,2,"Invaded","Disturbed","Grassland",8063,214,54.56394005,3044,2184.223222,0.06549148,1.021478222,3,-3.8050327955913,0.929326311070665
"2DGN",648.424724319999,"2DGN.5",1083.244,8530,970,227,2005,513,767,2496,9925,6.26,22557.4422,4389.165064,36373.8095,10.0238203215247,8.38689429754792,2,"Invaded","Disturbed","Grassland",8064,139,36.94098585,1610,1940.951052,0.06549148,1.021478222,3,-4.15609905399081,-0.0929221392477358
"2DGL",648.9143248,"2DGL.1",1033.366,3740,400,113,722,249,592,1251,4045,6.53,8331.763956,1144.784836,6761.684225,9.0278304721668,7.04297198217268,2,"Uninvaded","Disturbed","Grassland",8055,121,28.56083135,3916,2596.752559,1.869691145,4.592346425,11,1.88531723721784,-0.0854209218337715
"2DGL",648.9143248,"2DGL.2",1208.645,4805,505,112,785,295,576,1357,4561,5.85,8788.501326,2355.48869,23828.61556,9.08119947853193,7.76450349660023,2,"Uninvaded","Disturbed","Grassland",8056,192,48.5355442,1506,1707.942831,1.869691145,4.592346425,11,0.774381954021721,-1.08571234839523
"2DGL",648.9143248,"2DGL.3",1013.592,6650,650,143,1124,308,728,1917,6509,6.43,8349.928586,1809.81609,36818.64872,9.03000826523348,7.50098051136265,2,"Uninvaded","Disturbed","Grassland",8057,183,43.37813142,4301,3431.635593,1.869691145,4.592346425,11,-1.1824998196156,-0.405763618656142
"2DGL",648.9143248,"2DGL.4",926.83,5840,510,123,749,353,760,1478,4373,5.88,33036.57774,10550.33716,70396.31575,10.4053706429724,9.2639130966874,2,"Uninvaded","Disturbed","Grassland",8058,145,34.56000627,3708,2964.987628,1.869691145,4.592346425,11,0.848582537678313,-0.0664823597408171
"2DGL",648.9143248,"2DGL.5",1075.275,5080,600,89,907,332,495,1358,5394,5.88,13899.84589,7101.568307,37967.95866,9.53963303200696,8.86807092694704,2,"Uninvaded","Disturbed","Grassland",8059,204,50.98490091,3624,2816.77897,1.869691145,4.592346425,11,0.370600414573356,-1.65778500775786
"2UGN",648.9188512,"2UGN.1",982.3081,4010,460,129,791,619,844,1419,4096,5.35,28997.99726,6776.979551,74729.7813,10.2749820465839,8.82128678771973,2,"Invaded","Undisturbed","Grassland",8040,185,49.10185911,2224,2347.079652,0.580773613,1.520730117,3,1.25810015982229,1.1098432344725
"2UGN",648.9188512,"2UGN.2",896.5075,5150,550,363,1580,226,797,1360,10478,6.33,16333.34507,1162.26365,46027.29612,9.70096400699583,7.0581248049629,2,"Invaded","Undisturbed","Grassland",8041,185,46.80683005,3347,2360.823218,0.580773613,1.520730117,3,-1.19066780933926,2.10702659141658
"2UGN",648.9188512,"2UGN.3",1030.284,4360,490,166,588,337,721,1062,2955,5.06,8087.972137,3358.828137,29752.00461,8.99813331571416,8.11934742337328,2,"Invaded","Undisturbed","Grassland",8042,117,28.67323332,2272,2079.829906,0.580773613,1.520730117,3,2.40878304275344,0.318000275507165
"2UGN",648.9188512,"2UGN.4",1018.593,6120,720,168,1275,524,778,2231,6742,5.67,12734.78376,5335.906536,66011.3152,9.45209240729295,8.58221407169993,2,"Invaded","Undisturbed","Grassland",8043,242,62.34199487,3868,2997.611319,0.580773613,1.520730117,3,-1.75966860188845,0.363200945549178
"2UGN",648.9188512,"2UGN.5",1005.531,3910,380,163,644,420,769,1163,3286,5.45,31382.78977,14706.26113,89613.03504,10.3540149251397,9.59602860929647,2,"Invaded","Undisturbed","Grassland",8044,195,49.84954328,3665,2717.961065,0.580773613,1.520730117,3,2.24863292478739,1.21290843283231
"2UGL",648.494316639999,"2UGL.1",992.3427,3860,420,172,414,143,1242,565,1919,4.79,22344.5058,9672.346373,117296.5339,10.0143357443183,9.17702620358475,2,"Uninvaded","Undisturbed","Grassland",8035,134,34.09441889,2558,1074.866021,1.727115804,3.974025974,11,5.47524463972897,0.90372543231098
"2UGL",648.494316639999,"2UGL.2",998.6034,4580,630,165,529,262,1126,916,3310,6.01,12330.15478,7671.239301,32216.52598,9.41980314920207,8.94523345901438,2,"Uninvaded","Undisturbed","Grassland",8036,119,31.31209892,2544,1362.302998,1.727115804,3.974025974,11,2.29943247798094,0.332152633880074
"2UGL",648.494316639999,"2UGL.3",1006.025,4200,550,183,567,223,1171,839,2564,5.58,11416.28412,3665.324524,0,9.34279604672364,8.20667215719471,2,"Uninvaded","Undisturbed","Grassland",8037,174,44.06189422,2477,1661.435005,1.727115804,3.974025974,11,3.0997692630263,0.808311191789531
"2UGL",648.494316639999,"2UGL.4",881.4915,4180,772.5,181,605,151,1054,851,2490,5.29,11470.90749,3682.861962,37823.00144,9.34756932556389,8.21144543597076,2,"Uninvaded","Undisturbed","Grassland",8038,197,49.9667408,2047,1312.247201,1.727115804,3.974025974,11,3.2669223164126,0.233274869444
"2UGL",648.494316639999,"2UGL.5",991.3299,3580,470,166,480,240,1348,837,2437,5.3,6933.688464,1007.620391,26675.64601,8.84414719647879,6.91534678147099,2,"Uninvaded","Undisturbed","Grassland",8039,125,31.28006287,2995,1610.427013,1.727115804,3.974025974,11,3.96116732869593,1.43049758467092
